0	2025-08-04 22:03:53Z	Sorry, planned but not yet available
1	2025-08-12 05:09:13Z	Configuration (config)
2	2025-08-15 02:37:07Z	Keg configuration (keg-config)
3	2025-08-09 17:44:04Z	Zeke AI utility (zeke)
4	2025-08-08 04:13:49Z	LSP (lsp)
5	2025-08-15 02:51:00Z	KEG specification (keg-spec)
6	2025-08-14 05:19:42Z	Keg index (keg-index)
7	2025-08-11 00:48:17Z	Nodes index `dex/nodes.tsv`
8	2025-08-11 00:17:00Z	Changes index - `dex/changes.md`
9	2025-08-14 05:29:06Z	Utilization of URLs in a KEG
10	2025-08-14 05:36:08Z	Keg tags (keg-tags)
11	2025-08-09 18:50:49Z	Organization of this documentation (docs)
12	2025-08-11 00:12:29Z	Idiomatic Go error handling
13	2025-08-11 00:12:54Z	Golang (golang)
14	2025-08-11 00:44:19Z	Links index - `dex/links`
15	2025-08-14 05:35:58Z	Keg node (keg-node)
16	2025-08-14 05:35:34Z	Backlinks index - `dex/backlinks`
17	2025-08-14 05:35:28Z	Tags index - `dex/tags`
18	2025-08-14 05:31:56Z	Node meta (meta.yaml) — how Meta information is handled (keg-meta)
19	2025-08-15 03:29:11Z	Keg content (keg-content)
20	2025-08-14 05:39:17Z	Keg node (keg-node)
21	2025-08-14 05:32:30Z	Keg links (keg-link)
22	2025-08-14 04:45:51Z	Tapper configuration (tapper-config)
23	2025-08-14 04:56:23Z	Tapper CLI commands (tapper-cli)
24	2025-08-15 02:37:04Z	Zeke extension to keg configuration
25	2025-08-14 23:32:11Z	Keg storage layout (storage-layout)
26	2025-08-14 23:42:11Z	KEG CLI — KEG management tool (keg)
27	2025-08-14 23:42:02Z	KEG CLI — Commands Reference
28	2025-08-14 22:36:29Z	Integration — KEG, Zeke, and Link Resolution
